,Gold,Silver,Bitcoin,Ethereum,SP500,Oil,Dollar
Gold,1.0,0.7538282773627496,0.0727347175021814,0.0572156669075676,0.04433117944261039,0.09620787867026302,-0.39113065706087613
Silver,0.7538282773627496,1.0,0.10598893281873292,0.0864641727942036,0.16799710276655433,0.1718076388191812,-0.3360964615894981
Bitcoin,0.0727347175021814,0.10598893281873292,1.0,0.5807654876943501,0.21680828138676794,0.05400975516613592,-0.06649404576528632
Ethereum,0.0572156669075676,0.0864641727942036,0.5807654876943501,1.0,0.19337375473110302,0.03995390161027242,-0.05526654407209362
SP500,0.04433117944261039,0.16799710276655433,0.21680828138676794,0.19337375473110302,1.0,0.24956171970687882,-0.09130381914623444
Oil,0.09620787867026302,0.1718076388191812,0.05400975516613592,0.03995390161027242,0.24956171970687882,1.0,-0.026281826194916976
Dollar,-0.39113065706087613,-0.3360964615894981,-0.06649404576528632,-0.05526654407209362,-0.09130381914623444,-0.026281826194916976,1.0
