Model,DM_Statistic,P_Value,Better_Than_Benchmark
VIX Only,-2.3738863581538223,0.017601967028773702,False
ASF Only,4.02220534055985,5.765575924354671e-05,True
VIX + ASF,-1.6453574816277952,0.09989611231029993,False
RealizedVol Only,-5.285314809282045,1.2548876515694474e-07,False
All Predictors,-2.892102367662366,0.003826732395908472,False
