Test,Value,P-value,Interpretation
First-Stage Partial F,4913.628835833318,1.1102230246251565e-16,Strong
Hausman Statistic,0.103332216539287,0.7478669058360901,Exogenous
OLS: ASF,-0.20569501874334092,0.03700809457140008,Significant
OLS: Connectivity,-0.09317102152811103,0.011434350125018613,Significant
IV: ASF,-0.20131668599837096,0.039300175078674664,Significant
IV: Connectivity,-0.08973345545984728,0.011662758200070454,Significant
