Test,Beta,T-stat,R²
Stock-Bond Correlation,-2.837606583208906,-12.575682355960463,0.3414218498976772
Multi-Asset Avg Correlation,-0.4150694661055334,-2.593166289045543,0.01978623859985662
Joint Crash Probability,6.46826953504315,7.268885854748637,0.030248287338353497
