Quintile,CVaR (5%),Mean,Median,Std
"Q1
(Low)",-0.06048456651071343,0.0051098473137959665,0.007916567590839696,0.03698175077749599
Q2,-0.06175937733778558,0.005689491154745852,0.009784717836098467,0.04464840539197611
Q3,-0.06942853476643836,0.0074407429703150976,0.011887004965187131,0.0478407026727858
Q4,-0.0744063705261391,0.009180009426836508,0.014757314189960846,0.04680742758708692
"Q5
(High)",-0.0646081782323531,0.015085781749018076,0.019182713166435716,0.048200794242177235
