,SE,AR,VIX,RealVol
SE,1.0,0.6211867923515014,0.2657706576339465,0.4045956219073403
AR,0.6211867923515014,1.0,0.48489326975121505,0.6129030055007223
VIX,0.2657706576339465,0.48489326975121505,1.0,0.8229628034820567
RealVol,0.4045956219073403,0.6129030055007223,0.8229628034820567,1.0
