Period,SE_Coef,SE_PVal,R2,Significant
In-Sample (2007-2019),0.004272720781808485,1.6626887997623046e-07,0.00866720450743752,True
Out-of-Sample (2020-2024),0.01050160878214465,6.448271711564546e-12,0.03143330660985566,True
