Mean_Z,Pct_Z_below_minus2,Pct_Z_below_minus3,Min_Z
-116.46888064707427,1.0,1.0,-181.0585988646533
