N_Assets,SE_Coef,SE_PVal,VIX_Coef,R2
47,0.003017689624550212,1.775167253599805e-05,0.009391578042539121,0.06539183069931986
