Mean_Raw_Entropy,Mean_Filtered_Entropy,Mean_Signal_Eigenvalues,Correlation
0.4876455117989724,0.5758322306423591,2.2442132087492035,0.971975566618273
