real_se_mean,shuffled_se_mean,mean_diff,p_value,significant
30.249583572152492,5.657614555315353,24.59196901683714,0.0,True
