Measure,AUC
Stored_Energy,0.46549336525990226
VIX,0.7115857527686322
Absorption_Ratio,0.6173153746383319
