Strategy,CAGR,MaxDD,Sharpe
CARIA,0.0,-0.34678404088256387,0.0
Buy & Hold,0.13345318898744973,-0.3371816310779522,0.754418134699751
Vol Targeting,,-0.14542362134480902,
Trend Following,,-0.10099735877320914,
Crash Protection,0.04714384250346826,-0.193490537240537,0.47924610366553483
