fwd_window,auc,is_default
5,0.6972370667847205,False
10,0.6850591999209432,False
15,0.68053122564773,False
21,0.6728386313373086,True
42,0.5957037883231961,False
63,0.49334591001257666,False
