,E4,Amihud,Kyle_Lambda,CARIA_SR,Sync
E4,1.0,0.7674891344700127,0.6187683990744667,0.8029983675036204,0.15687868172141875
Amihud,0.7674891344700127,1.0,0.8458008636065043,0.5825517189196708,0.14217785356236437
Kyle_Lambda,0.6187683990744667,0.8458008636065043,1.0,0.6051554804053173,0.17580956125181474
CARIA_SR,0.8029983675036204,0.5825517189196708,0.6051554804053173,1.0,0.39046505200387627
Sync,0.15687868172141875,0.14217785356236437,0.17580956125181474,0.39046505200387627,1.0
