Lag,AUC
0,0.7288300314366905
1,0.7286763353173535
2,0.7278761381934824
3,0.729110960552235
4,0.7249664386369665
5,0.7206613670041737
6,0.7180236018091397
7,0.713068120118951
8,0.7145573632795844
9,0.7135123825618122
10,0.7083829679687574
